Ref,Value,LCSC,Footprint,Symbol
"D101","Schottky (SS34)","","Diode_SMD:D_SMA","rev:DS"
"D102","Schottky (SS34)","","Diode_SMD:D_SMA","rev:DS"
"D103","TVS SMAJ28A (unidirectional)","","Diode_SMD:D_SMA","rev:DZ"
"FLG101","PWR_FLAG","","","rev:PWRFLAG"
"C101","10u/50V X7R","","Capacitor_SMD:C_1210_3225Metric","rev:C"
"C102","10u/50V X7R","","Capacitor_SMD:C_1210_3225Metric","rev:C"
"U101","AP63203WU","","Package_TO_SOT_SMD:TSOT-23-6","rev:AP63203"
"C103","0.1u (BST)","","Capacitor_SMD:C_0603_1608Metric","rev:C"
"L101","6.8uH","","Inductor_SMD:L_Bourns_SRP5030TA","rev:L"
"C104","22u/10V","","Capacitor_SMD:C_0805_2012Metric","rev:C"
"C105","22u/10V","","Capacitor_SMD:C_0805_2012Metric","rev:C"
"FLG102","PWR_FLAG","","","rev:PWRFLAG"
"FLG103","PWR_FLAG","","","rev:PWRFLAG"
"U102","STM32G431CBT6","C529355","Package_QFP:LQFP-48_7x7mm_P0.5mm","rev:STM32G431"
"C106","0.1u","","Capacitor_SMD:C_0603_1608Metric","rev:C"
"C107","0.1u","","Capacitor_SMD:C_0603_1608Metric","rev:C"
"C108","0.1u","","Capacitor_SMD:C_0603_1608Metric","rev:C"
"C109","0.1u","","Capacitor_SMD:C_0603_1608Metric","rev:C"
"C110","1u (VDDA)","","Capacitor_SMD:C_0603_1608Metric","rev:C"
"C111","4.7u","","Capacitor_SMD:C_0805_2012Metric","rev:C"
"C112","0.1u (NRST)","","Capacitor_SMD:C_0603_1608Metric","rev:C"
"R101","10k (BOOT0)","","Resistor_SMD:R_0603_1608Metric","rev:R"
"Y101","8MHz","","Crystal:Crystal_SMD_3225-4Pin_3.2x2.5mm","rev:XTAL"
"C113","15p","","Capacitor_SMD:C_0603_1608Metric","rev:C"
"C114","15p","","Capacitor_SMD:C_0603_1608Metric","rev:C"
"J101","SWD (3V3, SWDIO, SWCLK, NRST, GND)","","Connector_PinHeader_1.27mm:PinHeader_1x05_P1.27mm_Vertical","rev:CON5"
"R102","100k","","Resistor_SMD:R_0603_1608Metric","rev:R"
"R103","10k","","Resistor_SMD:R_0603_1608Metric","rev:R"
"C115","0.1u","","Capacitor_SMD:C_0603_1608Metric","rev:C"
"R104","100k","","Resistor_SMD:R_0603_1608Metric","rev:R"
"R105","10k","","Resistor_SMD:R_0603_1608Metric","rev:R"
"C116","0.1u","","Capacitor_SMD:C_0603_1608Metric","rev:C"
"TH101","NTC 10k","","Resistor_SMD:R_0603_1608Metric","rev:NTC"
"R106","10k","","Resistor_SMD:R_0603_1608Metric","rev:R"
"C117","0.1u","","Capacitor_SMD:C_0603_1608Metric","rev:C"
"U103","INA240A1PW (input current)","","Package_SO:TSSOP-8_4.4x3mm_P0.65mm","rev:INA240A1"
"R107","1k","","Resistor_SMD:R_0603_1608Metric","rev:R"
"C118","1n","","Capacitor_SMD:C_0603_1608Metric","rev:C"
"C119","0.1u","","Capacitor_SMD:C_0603_1608Metric","rev:C"
"U104","INA240A1PW (cap-port current, bidirectional)","","Package_SO:TSSOP-8_4.4x3mm_P0.65mm","rev:INA240A1"
"R108","1k","","Resistor_SMD:R_0603_1608Metric","rev:R"
"C120","1n","","Capacitor_SMD:C_0603_1608Metric","rev:C"
"C121","0.1u","","Capacitor_SMD:C_0603_1608Metric","rev:C"
"R109","560R (ref bias)","","Resistor_SMD:R_0603_1608Metric","rev:R"
"U105","TL431 (2.495V)","","Package_TO_SOT_SMD:SOT-23","rev:TL431"
"R110","10k","","Resistor_SMD:R_0603_1608Metric","rev:R"
"R111","10k","","Resistor_SMD:R_0603_1608Metric","rev:R"
"C122","0.1u","","Capacitor_SMD:C_0603_1608Metric","rev:C"
"R112","100k","","Resistor_SMD:R_0603_1608Metric","rev:R"
"R113","4.53k (OV 28.8V)","","Resistor_SMD:R_0603_1608Metric","rev:R"
"R114","100k","","Resistor_SMD:R_0603_1608Metric","rev:R"
"R115","4.75k (OV 27.5V)","","Resistor_SMD:R_0603_1608Metric","rev:R"
"U106","LM393","","Package_SO:SOIC-8_3.9x4.9mm_P1.27mm","rev:LM393"
"C123","0.1u","","Capacitor_SMD:C_0603_1608Metric","rev:C"
"R116","10k (NODE_OK pull-up)","","Resistor_SMD:R_0603_1608Metric","rev:R"
"Q101","2N7002 (Qa)","","Package_TO_SOT_SMD:SOT-23","rev:NMOS"
"Q102","2N7002 (Qb)","","Package_TO_SOT_SMD:SOT-23","rev:NMOS"
"Q103","2N7002 (Qc)","","Package_TO_SOT_SMD:SOT-23","rev:NMOS"
"R117","1k","","Resistor_SMD:R_0603_1608Metric","rev:R"
"R118","100k","","Resistor_SMD:R_0603_1608Metric","rev:R"
"R119","1k","","Resistor_SMD:R_0603_1608Metric","rev:R"
"R120","100k (PGOOD pull-up)","","Resistor_SMD:R_0603_1608Metric","rev:R"
"U107","SN65HVD230","","Package_SO:SOIC-8_3.9x4.9mm_P1.27mm","rev:HVD230"
"C124","0.1u","","Capacitor_SMD:C_0603_1608Metric","rev:C"
"J102","CAN (5V NC, GND, CANH, CANL)","","Connector_JST:JST_GH_SM04B-GHS-TB_1x04-1MP_P1.25mm_Horizontal","rev:CON4"
"R121","100R","","Resistor_SMD:R_0603_1608Metric","rev:R"
"R122","100R","","Resistor_SMD:R_0603_1608Metric","rev:R"
"J103","Referee UART (TX, RX, GND)","","Connector_JST:JST_GH_SM03B-GHS-TB_1x03-1MP_P1.25mm_Horizontal","rev:CON3"
"R123","1k","","Resistor_SMD:R_0603_1608Metric","rev:R"
"D104","LED status","","LED_SMD:LED_0603_1608Metric","rev:LED"
"R124","1k","","Resistor_SMD:R_0603_1608Metric","rev:R"
"D105","LED fault","","LED_SMD:LED_0603_1608Metric","rev:LED"
